Min,Max,Mean,Vol,fd,key
0.670485,1.49143545,0.8346798650000002,0.82095045,12.18100312875156,AUDUSD
0.670485,1.49143545,0.8346798650000002,0.82095045,12.18100312875156,AUDUSD
0.670485,1.49143545,0.8346798650000002,0.82095045,12.18100312875156,AUDUSD
0.670485,1.49143545,0.8346798650000002,0.82095045,12.18100312875156,AUDUSD
0.670485,1.49143545,0.8346798650000002,0.82095045,12.18100312875156,AUDUSD
0.670485,1.49143545,0.8346798650000002,0.82095045,12.18100312875156,AUDUSD
0.670485,1.49143545,0.8346798650000002,0.82095045,12.18100312875156,AUDUSD
0.670485,1.49143545,0.8346798650000002,0.82095045,12.18100312875156,AUDUSD
0.670485,1.49143545,0.8346798650000002,0.82095045,12.18100312875156,AUDUSD
0.670485,1.49143545,0.8346798650000002,0.82095045,12.18100312875156,AUDUSD
0.670485,1.49143545,0.8346798650000002,0.82095045,12.18100312875156,AUDUSD
0.670485,1.49143545,0.8346798650000002,0.82095045,12.18100312875156,AUDUSD
0.670485,1.49143545,0.8346798650000002,0.82095045,12.18100312875156,AUDUSD
0.670485,1.49143545,0.8346798650000002,0.82095045,12.18100312875156,AUDUSD
0.670485,1.49143545,0.8346798650000002,0.82095045,12.18100312875156,AUDUSD
0.670485,1.49143545,0.8346798650000002,0.82095045,12.18100312875156,AUDUSD
0.670485,1.49143545,0.8346798650000002,0.82095045,12.18100312875156,AUDUSD
0.670485,1.49143545,0.8346798650000002,0.82095045,12.18100312875156,AUDUSD
0.670485,1.49143545,0.8346798650000002,0.82095045,12.18100312875156,AUDUSD
0.670485,1.49143545,0.8346798650000002,0.82095045,12.18100312875156,AUDUSD
0.670485,1.49143545,0.8346798650000002,0.82095045,12.18100312875156,AUDUSD
0.670485,1.49143545,0.8346798650000002,0.82095045,12.18100312875156,AUDUSD
0.670485,1.49143545,0.8346798650000002,0.82095045,12.18100312875156,AUDUSD
0.670485,1.49143545,0.8346798650000002,0.82095045,12.18100312875156,AUDUSD
0.670485,1.49143545,0.8346798650000002,0.82095045,12.18100312875156,AUDUSD
0.670485,1.49143545,0.8346798650000002,0.82095045,12.18100312875156,AUDUSD
0.670485,1.49143545,0.8346798650000002,0.82095045,12.18100312875156,AUDUSD
0.670485,1.49143545,0.8346798650000002,0.82095045,12.18100312875156,AUDUSD
0.670485,1.49143545,0.8346798650000002,0.82095045,12.18100312875156,AUDUSD
0.670485,1.49143545,0.8346798650000002,0.82095045,12.18100312875156,AUDUSD
0.670485,1.49143545,0.8346798650000002,0.82095045,12.18100312875156,AUDUSD
0.670485,1.49143545,0.8346798650000002,0.82095045,12.18100312875156,AUDUSD
0.670485,1.49143545,0.8346798650000002,0.82095045,12.18100312875156,AUDUSD
0.670485,1.49143545,0.8346798650000002,0.82095045,12.18100312875156,AUDUSD
0.670485,1.49143545,0.8346798650000002,0.82095045,12.18100312875156,AUDUSD
0.670485,1.49143545,0.8346798650000002,0.82095045,12.18100312875156,AUDUSD
0.670485,1.49143545,0.8346798650000002,0.82095045,12.18100312875156,AUDUSD
0.670485,1.49143545,0.8346798650000002,0.82095045,12.18100312875156,AUDUSD
0.670485,1.49143545,0.8346798650000002,0.82095045,12.18100312875156,AUDUSD
0.670485,1.49143545,0.8346798650000002,0.82095045,12.18100312875156,AUDUSD
0.670485,1.49143545,0.8346798650000002,0.82095045,12.18100312875156,AUDUSD
0.670485,1.49143545,0.8346798650000002,0.82095045,12.18100312875156,AUDUSD
0.670485,1.49143545,0.8346798650000002,0.82095045,12.18100312875156,AUDUSD
0.670485,1.49143545,0.8346798650000002,0.82095045,12.18100312875156,AUDUSD
0.670485,1.49143545,0.8346798650000002,0.82095045,12.18100312875156,AUDUSD
0.670485,1.49143545,0.8346798650000002,0.82095045,12.18100312875156,AUDUSD
0.670485,1.49143545,0.8346798650000002,0.82095045,12.18100312875156,AUDUSD
0.670485,1.49143545,0.8346798650000002,0.82095045,12.18100312875156,AUDUSD
0.670485,1.49143545,0.8346798650000002,0.82095045,12.18100312875156,AUDUSD
0.670485,1.49143545,0.8346798650000002,0.82095045,12.18100312875156,AUDUSD
0.670485,1.49143545,0.8346798650000002,0.82095045,12.18100312875156,AUDUSD
0.670485,1.49143545,0.8346798650000002,0.82095045,12.18100312875156,AUDUSD
0.670485,1.49143545,0.8346798650000002,0.82095045,12.18100312875156,AUDUSD
0.670485,1.49143545,0.8346798650000002,0.82095045,12.18100312875156,AUDUSD
0.670485,1.49143545,0.8346798650000002,0.82095045,12.18100312875156,AUDUSD
0.670485,1.49143545,0.8346798650000002,0.82095045,12.18100312875156,AUDUSD
0.670485,1.49143545,0.8346798650000002,0.82095045,12.18100312875156,AUDUSD
0.670485,1.49143545,0.8346798650000002,0.82095045,12.18100312875156,AUDUSD
0.670485,1.49143545,0.8346798650000002,0.82095045,12.18100312875156,AUDUSD
0.670485,1.49143545,0.8346798650000002,0.82095045,12.18100312875156,AUDUSD
0.670485,1.49143545,0.8346798650000002,0.82095045,12.18100312875156,AUDUSD
0.670485,1.49143545,0.8346798650000002,0.82095045,12.18100312875156,AUDUSD
0.670485,1.49143545,0.8346798650000002,0.82095045,12.18100312875156,AUDUSD
0.670485,1.49143545,0.8346798650000002,0.82095045,12.18100312875156,AUDUSD
0.670485,1.49143545,0.8346798650000002,0.82095045,12.18100312875156,AUDUSD
0.670485,1.49143545,0.8346798650000002,0.82095045,12.18100312875156,AUDUSD
0.670485,1.49143545,0.8346798650000002,0.82095045,12.18100312875156,AUDUSD
0.670485,1.49143545,0.8346798650000002,0.82095045,12.18100312875156,AUDUSD
0.670485,1.49143545,0.8346798650000002,0.82095045,12.18100312875156,AUDUSD
0.670485,1.49143545,0.8346798650000002,0.82095045,12.18100312875156,AUDUSD
0.670485,1.49143545,0.8346798650000002,0.82095045,12.18100312875156,AUDUSD
0.670485,1.49143545,0.8346798650000002,0.82095045,12.18100312875156,AUDUSD
0.670485,1.49143545,0.8346798650000002,0.82095045,12.18100312875156,AUDUSD
0.670485,1.49143545,0.8346798650000002,0.82095045,12.18100312875156,AUDUSD
0.670485,1.49143545,0.8346798650000002,0.82095045,12.18100312875156,AUDUSD
0.670485,1.49143545,0.8346798650000002,0.82095045,12.18100312875156,AUDUSD
0.670485,1.49143545,0.8346798650000002,0.82095045,12.18100312875156,AUDUSD
0.670485,1.49143545,0.8346798650000002,0.82095045,12.18100312875156,AUDUSD
0.670485,1.49143545,0.8346798650000002,0.82095045,12.18100312875156,AUDUSD
0.670485,1.49143545,0.8346798650000002,0.82095045,12.18100312875156,AUDUSD
0.670485,1.49143545,0.8346798650000002,0.82095045,12.18100312875156,AUDUSD
0.670485,1.49143545,0.8346798650000002,0.82095045,12.18100312875156,AUDUSD
0.670485,1.49143545,0.8346798650000002,0.82095045,12.18100312875156,AUDUSD
0.670485,1.49143545,0.8346798650000002,0.82095045,12.18100312875156,AUDUSD
0.670485,1.49143545,0.8346798650000002,0.82095045,12.18100312875156,AUDUSD
0.670485,1.49143545,0.8346798650000002,0.82095045,12.18100312875156,AUDUSD
0.670485,1.49143545,0.8346798650000002,0.82095045,12.18100312875156,AUDUSD
0.670485,1.49143545,0.8346798650000002,0.82095045,12.18100312875156,AUDUSD
0.670485,1.49143545,0.8346798650000002,0.82095045,12.18100312875156,AUDUSD
0.670485,1.49143545,0.8346798650000002,0.82095045,12.18100312875156,AUDUSD
0.670485,1.49143545,0.8346798650000002,0.82095045,12.18100312875156,AUDUSD
0.670485,1.49143545,0.8346798650000002,0.82095045,12.18100312875156,AUDUSD
0.670485,1.49143545,0.8346798650000002,0.82095045,12.18100312875156,AUDUSD
0.670485,1.49143545,0.8346798650000002,0.82095045,12.18100312875156,AUDUSD
0.670485,1.49143545,0.8346798650000002,0.82095045,12.18100312875156,AUDUSD
0.670485,1.49143545,0.8346798650000002,0.82095045,12.18100312875156,AUDUSD
0.670485,1.49143545,0.8346798650000002,0.82095045,12.18100312875156,AUDUSD
0.670485,1.49143545,0.8346798650000002,0.82095045,12.18100312875156,AUDUSD
0.670485,1.49143545,0.8346798650000002,0.82095045,12.18100312875156,AUDUSD
0.670485,1.49143545,0.8346798650000002,0.82095045,12.18100312875156,AUDUSD
1.1476,1.1477,1.1476150000000003,9.999999999998899e-05,100000.00000001102,GBPEUR
1.1476,1.1477,1.1476150000000003,9.999999999998899e-05,100000.00000001102,GBPEUR
1.1476,1.1477,1.1476150000000003,9.999999999998899e-05,100000.00000001102,GBPEUR
1.1476,1.1477,1.1476150000000003,9.999999999998899e-05,100000.00000001102,GBPEUR
1.1476,1.1477,1.1476150000000003,9.999999999998899e-05,100000.00000001102,GBPEUR
1.1476,1.1477,1.1476150000000003,9.999999999998899e-05,100000.00000001102,GBPEUR
1.1476,1.1477,1.1476150000000003,9.999999999998899e-05,100000.00000001102,GBPEUR
1.1476,1.1477,1.1476150000000003,9.999999999998899e-05,100000.00000001102,GBPEUR
1.1476,1.1477,1.1476150000000003,9.999999999998899e-05,100000.00000001102,GBPEUR
1.1476,1.1477,1.1476150000000003,9.999999999998899e-05,100000.00000001102,GBPEUR
1.1476,1.1477,1.1476150000000003,9.999999999998899e-05,100000.00000001102,GBPEUR
1.1476,1.1477,1.1476150000000003,9.999999999998899e-05,100000.00000001102,GBPEUR
1.1476,1.1477,1.1476150000000003,9.999999999998899e-05,100000.00000001102,GBPEUR
1.1476,1.1477,1.1476150000000003,9.999999999998899e-05,100000.00000001102,GBPEUR
1.1476,1.1477,1.1476150000000003,9.999999999998899e-05,100000.00000001102,GBPEUR
1.1476,1.1477,1.1476150000000003,9.999999999998899e-05,100000.00000001102,GBPEUR
1.1476,1.1477,1.1476150000000003,9.999999999998899e-05,100000.00000001102,GBPEUR
1.1476,1.1477,1.1476150000000003,9.999999999998899e-05,100000.00000001102,GBPEUR
1.1476,1.1477,1.1476150000000003,9.999999999998899e-05,100000.00000001102,GBPEUR
1.1476,1.1477,1.1476150000000003,9.999999999998899e-05,100000.00000001102,GBPEUR
1.1476,1.1477,1.1476150000000003,9.999999999998899e-05,100000.00000001102,GBPEUR
1.1476,1.1477,1.1476150000000003,9.999999999998899e-05,100000.00000001102,GBPEUR
1.1476,1.1477,1.1476150000000003,9.999999999998899e-05,100000.00000001102,GBPEUR
1.1476,1.1477,1.1476150000000003,9.999999999998899e-05,100000.00000001102,GBPEUR
1.1476,1.1477,1.1476150000000003,9.999999999998899e-05,100000.00000001102,GBPEUR
1.1476,1.1477,1.1476150000000003,9.999999999998899e-05,100000.00000001102,GBPEUR
1.1476,1.1477,1.1476150000000003,9.999999999998899e-05,100000.00000001102,GBPEUR
1.1476,1.1477,1.1476150000000003,9.999999999998899e-05,100000.00000001102,GBPEUR
1.1476,1.1477,1.1476150000000003,9.999999999998899e-05,100000.00000001102,GBPEUR
1.1476,1.1477,1.1476150000000003,9.999999999998899e-05,100000.00000001102,GBPEUR
1.1476,1.1477,1.1476150000000003,9.999999999998899e-05,100000.00000001102,GBPEUR
1.1476,1.1477,1.1476150000000003,9.999999999998899e-05,100000.00000001102,GBPEUR
1.1476,1.1477,1.1476150000000003,9.999999999998899e-05,100000.00000001102,GBPEUR
1.1476,1.1477,1.1476150000000003,9.999999999998899e-05,100000.00000001102,GBPEUR
1.1476,1.1477,1.1476150000000003,9.999999999998899e-05,100000.00000001102,GBPEUR
1.1476,1.1477,1.1476150000000003,9.999999999998899e-05,100000.00000001102,GBPEUR
1.1476,1.1477,1.1476150000000003,9.999999999998899e-05,100000.00000001102,GBPEUR
1.1476,1.1477,1.1476150000000003,9.999999999998899e-05,100000.00000001102,GBPEUR
1.1476,1.1477,1.1476150000000003,9.999999999998899e-05,100000.00000001102,GBPEUR
1.1476,1.1477,1.1476150000000003,9.999999999998899e-05,100000.00000001102,GBPEUR
1.1476,1.1477,1.1476150000000003,9.999999999998899e-05,100000.00000001102,GBPEUR
1.1476,1.1477,1.1476150000000003,9.999999999998899e-05,100000.00000001102,GBPEUR
1.1476,1.1477,1.1476150000000003,9.999999999998899e-05,100000.00000001102,GBPEUR
1.1476,1.1477,1.1476150000000003,9.999999999998899e-05,100000.00000001102,GBPEUR
1.1476,1.1477,1.1476150000000003,9.999999999998899e-05,100000.00000001102,GBPEUR
1.1476,1.1477,1.1476150000000003,9.999999999998899e-05,100000.00000001102,GBPEUR
1.1476,1.1477,1.1476150000000003,9.999999999998899e-05,100000.00000001102,GBPEUR
1.1476,1.1477,1.1476150000000003,9.999999999998899e-05,100000.00000001102,GBPEUR
1.1476,1.1477,1.1476150000000003,9.999999999998899e-05,100000.00000001102,GBPEUR
1.1476,1.1477,1.1476150000000003,9.999999999998899e-05,100000.00000001102,GBPEUR
1.1476,1.1477,1.1476150000000003,9.999999999998899e-05,100000.00000001102,GBPEUR
1.1476,1.1477,1.1476150000000003,9.999999999998899e-05,100000.00000001102,GBPEUR
1.1476,1.1477,1.1476150000000003,9.999999999998899e-05,100000.00000001102,GBPEUR
1.1476,1.1477,1.1476150000000003,9.999999999998899e-05,100000.00000001102,GBPEUR
1.1476,1.1477,1.1476150000000003,9.999999999998899e-05,100000.00000001102,GBPEUR
1.1476,1.1477,1.1476150000000003,9.999999999998899e-05,100000.00000001102,GBPEUR
1.1476,1.1477,1.1476150000000003,9.999999999998899e-05,100000.00000001102,GBPEUR
1.1476,1.1477,1.1476150000000003,9.999999999998899e-05,100000.00000001102,GBPEUR
1.1476,1.1477,1.1476150000000003,9.999999999998899e-05,100000.00000001102,GBPEUR
1.1476,1.1477,1.1476150000000003,9.999999999998899e-05,100000.00000001102,GBPEUR
1.1476,1.1477,1.1476150000000003,9.999999999998899e-05,100000.00000001102,GBPEUR
1.1476,1.1477,1.1476150000000003,9.999999999998899e-05,100000.00000001102,GBPEUR
1.1476,1.1477,1.1476150000000003,9.999999999998899e-05,100000.00000001102,GBPEUR
1.1476,1.1477,1.1476150000000003,9.999999999998899e-05,100000.00000001102,GBPEUR
1.1476,1.1477,1.1476150000000003,9.999999999998899e-05,100000.00000001102,GBPEUR
1.1476,1.1477,1.1476150000000003,9.999999999998899e-05,100000.00000001102,GBPEUR
1.1476,1.1477,1.1476150000000003,9.999999999998899e-05,100000.00000001102,GBPEUR
1.1476,1.1477,1.1476150000000003,9.999999999998899e-05,100000.00000001102,GBPEUR
1.1476,1.1477,1.1476150000000003,9.999999999998899e-05,100000.00000001102,GBPEUR
1.1476,1.1477,1.1476150000000003,9.999999999998899e-05,100000.00000001102,GBPEUR
1.1476,1.1477,1.1476150000000003,9.999999999998899e-05,100000.00000001102,GBPEUR
1.1476,1.1477,1.1476150000000003,9.999999999998899e-05,100000.00000001102,GBPEUR
1.1476,1.1477,1.1476150000000003,9.999999999998899e-05,100000.00000001102,GBPEUR
1.1476,1.1477,1.1476150000000003,9.999999999998899e-05,100000.00000001102,GBPEUR
1.1476,1.1477,1.1476150000000003,9.999999999998899e-05,100000.00000001102,GBPEUR
1.1476,1.1477,1.1476150000000003,9.999999999998899e-05,100000.00000001102,GBPEUR
1.1476,1.1477,1.1476150000000003,9.999999999998899e-05,100000.00000001102,GBPEUR
1.1476,1.1477,1.1476150000000003,9.999999999998899e-05,100000.00000001102,GBPEUR
1.1476,1.1477,1.1476150000000003,9.999999999998899e-05,100000.00000001102,GBPEUR
1.1476,1.1477,1.1476150000000003,9.999999999998899e-05,100000.00000001102,GBPEUR
1.1476,1.1477,1.1476150000000003,9.999999999998899e-05,100000.00000001102,GBPEUR
1.1476,1.1477,1.1476150000000003,9.999999999998899e-05,100000.00000001102,GBPEUR
1.1476,1.1477,1.1476150000000003,9.999999999998899e-05,100000.00000001102,GBPEUR
1.1476,1.1477,1.1476150000000003,9.999999999998899e-05,100000.00000001102,GBPEUR
1.1476,1.1477,1.1476150000000003,9.999999999998899e-05,100000.00000001102,GBPEUR
1.1476,1.1477,1.1476150000000003,9.999999999998899e-05,100000.00000001102,GBPEUR
1.1476,1.1477,1.1476150000000003,9.999999999998899e-05,100000.00000001102,GBPEUR
1.1476,1.1477,1.1476150000000003,9.999999999998899e-05,100000.00000001102,GBPEUR
1.1476,1.1477,1.1476150000000003,9.999999999998899e-05,100000.00000001102,GBPEUR
1.1476,1.1477,1.1476150000000003,9.999999999998899e-05,100000.00000001102,GBPEUR
1.1476,1.1477,1.1476150000000003,9.999999999998899e-05,100000.00000001102,GBPEUR
1.1476,1.1477,1.1476150000000003,9.999999999998899e-05,100000.00000001102,GBPEUR
1.1476,1.1477,1.1476150000000003,9.999999999998899e-05,100000.00000001102,GBPEUR
1.1476,1.1477,1.1476150000000003,9.999999999998899e-05,100000.00000001102,GBPEUR
1.1476,1.1477,1.1476150000000003,9.999999999998899e-05,100000.00000001102,GBPEUR
1.1476,1.1477,1.1476150000000003,9.999999999998899e-05,100000.00000001102,GBPEUR
1.1476,1.1477,1.1476150000000003,9.999999999998899e-05,100000.00000001102,GBPEUR
1.1476,1.1477,1.1476150000000003,9.999999999998899e-05,100000.00000001102,GBPEUR
1.1476,1.1477,1.1476150000000003,9.999999999998899e-05,100000.00000001102,GBPEUR
1.1476,1.1477,1.1476150000000003,9.999999999998899e-05,100000.00000001102,GBPEUR
1.3322500000000002,1.3324500000000001,1.3323216666666666,0.00019999999999997797,40000.0000000044,USDCAD
1.3322500000000002,1.3324500000000001,1.3323216666666666,0.00019999999999997797,40000.0000000044,USDCAD
1.3322500000000002,1.3324500000000001,1.3323216666666666,0.00019999999999997797,40000.0000000044,USDCAD
1.3322500000000002,1.3324500000000001,1.3323216666666666,0.00019999999999997797,40000.0000000044,USDCAD
1.3322500000000002,1.3324500000000001,1.3323216666666666,0.00019999999999997797,40000.0000000044,USDCAD
1.3322500000000002,1.3324500000000001,1.3323216666666666,0.00019999999999997797,40000.0000000044,USDCAD
1.3322500000000002,1.3324500000000001,1.3323216666666666,0.00019999999999997797,40000.0000000044,USDCAD
1.3322500000000002,1.3324500000000001,1.3323216666666666,0.00019999999999997797,40000.0000000044,USDCAD
1.3322500000000002,1.3324500000000001,1.3323216666666666,0.00019999999999997797,40000.0000000044,USDCAD
1.3322500000000002,1.3324500000000001,1.3323216666666666,0.00019999999999997797,40000.0000000044,USDCAD
1.3322500000000002,1.3324500000000001,1.3323216666666666,0.00019999999999997797,40000.0000000044,USDCAD
1.3322500000000002,1.3324500000000001,1.3323216666666666,0.00019999999999997797,40000.0000000044,USDCAD
1.3322500000000002,1.3324500000000001,1.3323216666666666,0.00019999999999997797,40000.0000000044,USDCAD
1.3322500000000002,1.3324500000000001,1.3323216666666666,0.00019999999999997797,40000.0000000044,USDCAD
1.3322500000000002,1.3324500000000001,1.3323216666666666,0.00019999999999997797,40000.0000000044,USDCAD
1.3322500000000002,1.3324500000000001,1.3323216666666666,0.00019999999999997797,40000.0000000044,USDCAD
1.3322500000000002,1.3324500000000001,1.3323216666666666,0.00019999999999997797,40000.0000000044,USDCAD
1.3322500000000002,1.3324500000000001,1.3323216666666666,0.00019999999999997797,40000.0000000044,USDCAD
1.3322500000000002,1.3324500000000001,1.3323216666666666,0.00019999999999997797,40000.0000000044,USDCAD
1.3322500000000002,1.3324500000000001,1.3323216666666666,0.00019999999999997797,40000.0000000044,USDCAD
1.3322500000000002,1.3324500000000001,1.3323216666666666,0.00019999999999997797,40000.0000000044,USDCAD
1.3322500000000002,1.3324500000000001,1.3323216666666666,0.00019999999999997797,40000.0000000044,USDCAD
1.3322500000000002,1.3324500000000001,1.3323216666666666,0.00019999999999997797,40000.0000000044,USDCAD
1.3322500000000002,1.3324500000000001,1.3323216666666666,0.00019999999999997797,40000.0000000044,USDCAD
1.3322500000000002,1.3324500000000001,1.3323216666666666,0.00019999999999997797,40000.0000000044,USDCAD
1.3322500000000002,1.3324500000000001,1.3323216666666666,0.00019999999999997797,40000.0000000044,USDCAD
1.3322500000000002,1.3324500000000001,1.3323216666666666,0.00019999999999997797,40000.0000000044,USDCAD
1.3322500000000002,1.3324500000000001,1.3323216666666666,0.00019999999999997797,40000.0000000044,USDCAD
1.3322500000000002,1.3324500000000001,1.3323216666666666,0.00019999999999997797,40000.0000000044,USDCAD
1.3322500000000002,1.3324500000000001,1.3323216666666666,0.00019999999999997797,40000.0000000044,USDCAD
1.3322500000000002,1.3324500000000001,1.3323216666666666,0.00019999999999997797,40000.0000000044,USDCAD
1.3322500000000002,1.3324500000000001,1.3323216666666666,0.00019999999999997797,40000.0000000044,USDCAD
1.3322500000000002,1.3324500000000001,1.3323216666666666,0.00019999999999997797,40000.0000000044,USDCAD
1.3322500000000002,1.3324500000000001,1.3323216666666666,0.00019999999999997797,40000.0000000044,USDCAD
1.3322500000000002,1.3324500000000001,1.3323216666666666,0.00019999999999997797,40000.0000000044,USDCAD
1.3322500000000002,1.3324500000000001,1.3323216666666666,0.00019999999999997797,40000.0000000044,USDCAD
1.3322500000000002,1.3324500000000001,1.3323216666666666,0.00019999999999997797,40000.0000000044,USDCAD
1.3322500000000002,1.3324500000000001,1.3323216666666666,0.00019999999999997797,40000.0000000044,USDCAD
1.3322500000000002,1.3324500000000001,1.3323216666666666,0.00019999999999997797,40000.0000000044,USDCAD
1.3322500000000002,1.3324500000000001,1.3323216666666666,0.00019999999999997797,40000.0000000044,USDCAD
1.3322500000000002,1.3324500000000001,1.3323216666666666,0.00019999999999997797,40000.0000000044,USDCAD
1.3322500000000002,1.3324500000000001,1.3323216666666666,0.00019999999999997797,40000.0000000044,USDCAD
1.3322500000000002,1.3324500000000001,1.3323216666666666,0.00019999999999997797,40000.0000000044,USDCAD
1.3322500000000002,1.3324500000000001,1.3323216666666666,0.00019999999999997797,40000.0000000044,USDCAD
1.3322500000000002,1.3324500000000001,1.3323216666666666,0.00019999999999997797,40000.0000000044,USDCAD
1.3322500000000002,1.3324500000000001,1.3323216666666666,0.00019999999999997797,40000.0000000044,USDCAD
1.3322500000000002,1.3324500000000001,1.3323216666666666,0.00019999999999997797,40000.0000000044,USDCAD
1.3322500000000002,1.3324500000000001,1.3323216666666666,0.00019999999999997797,40000.0000000044,USDCAD
1.3322500000000002,1.3324500000000001,1.3323216666666666,0.00019999999999997797,40000.0000000044,USDCAD
1.3322500000000002,1.3324500000000001,1.3323216666666666,0.00019999999999997797,40000.0000000044,USDCAD
1.3322500000000002,1.3324500000000001,1.3323216666666666,0.00019999999999997797,40000.0000000044,USDCAD
1.3322500000000002,1.3324500000000001,1.3323216666666666,0.00019999999999997797,40000.0000000044,USDCAD
1.3322500000000002,1.3324500000000001,1.3323216666666666,0.00019999999999997797,40000.0000000044,USDCAD
1.3322500000000002,1.3324500000000001,1.3323216666666666,0.00019999999999997797,40000.0000000044,USDCAD
1.3322500000000002,1.3324500000000001,1.3323216666666666,0.00019999999999997797,40000.0000000044,USDCAD
1.3322500000000002,1.3324500000000001,1.3323216666666666,0.00019999999999997797,40000.0000000044,USDCAD
1.3322500000000002,1.3324500000000001,1.3323216666666666,0.00019999999999997797,40000.0000000044,USDCAD
1.3322500000000002,1.3324500000000001,1.3323216666666666,0.00019999999999997797,40000.0000000044,USDCAD
1.3322500000000002,1.3324500000000001,1.3323216666666666,0.00019999999999997797,40000.0000000044,USDCAD
1.3322500000000002,1.3324500000000001,1.3323216666666666,0.00019999999999997797,40000.0000000044,USDCAD
1.3322500000000002,1.3324500000000001,1.3323216666666666,0.00019999999999997797,40000.0000000044,USDCAD
1.3322500000000002,1.3324500000000001,1.3323216666666666,0.00019999999999997797,40000.0000000044,USDCAD
1.3322500000000002,1.3324500000000001,1.3323216666666666,0.00019999999999997797,40000.0000000044,USDCAD
1.3322500000000002,1.3324500000000001,1.3323216666666666,0.00019999999999997797,40000.0000000044,USDCAD
1.3322500000000002,1.3324500000000001,1.3323216666666666,0.00019999999999997797,40000.0000000044,USDCAD
1.3322500000000002,1.3324500000000001,1.3323216666666666,0.00019999999999997797,40000.0000000044,USDCAD
1.3322500000000002,1.3324500000000001,1.3323216666666666,0.00019999999999997797,40000.0000000044,USDCAD
1.3322500000000002,1.3324500000000001,1.3323216666666666,0.00019999999999997797,40000.0000000044,USDCAD
1.3322500000000002,1.3324500000000001,1.3323216666666666,0.00019999999999997797,40000.0000000044,USDCAD
1.3322500000000002,1.3324500000000001,1.3323216666666666,0.00019999999999997797,40000.0000000044,USDCAD
1.3322500000000002,1.3324500000000001,1.3323216666666666,0.00019999999999997797,40000.0000000044,USDCAD
1.3322500000000002,1.3324500000000001,1.3323216666666666,0.00019999999999997797,40000.0000000044,USDCAD
1.3322500000000002,1.3324500000000001,1.3323216666666666,0.00019999999999997797,40000.0000000044,USDCAD
1.3322500000000002,1.3324500000000001,1.3323216666666666,0.00019999999999997797,40000.0000000044,USDCAD
1.3322500000000002,1.3324500000000001,1.3323216666666666,0.00019999999999997797,40000.0000000044,USDCAD
1.3322500000000002,1.3324500000000001,1.3323216666666666,0.00019999999999997797,40000.0000000044,USDCAD
1.3322500000000002,1.3324500000000001,1.3323216666666666,0.00019999999999997797,40000.0000000044,USDCAD
1.3322500000000002,1.3324500000000001,1.3323216666666666,0.00019999999999997797,40000.0000000044,USDCAD
1.3322500000000002,1.3324500000000001,1.3323216666666666,0.00019999999999997797,40000.0000000044,USDCAD
1.3322500000000002,1.3324500000000001,1.3323216666666666,0.00019999999999997797,40000.0000000044,USDCAD
1.3322500000000002,1.3324500000000001,1.3323216666666666,0.00019999999999997797,40000.0000000044,USDCAD
1.3322500000000002,1.3324500000000001,1.3323216666666666,0.00019999999999997797,40000.0000000044,USDCAD
1.3322500000000002,1.3324500000000001,1.3323216666666666,0.00019999999999997797,40000.0000000044,USDCAD
1.3322500000000002,1.3324500000000001,1.3323216666666666,0.00019999999999997797,40000.0000000044,USDCAD
1.3322500000000002,1.3324500000000001,1.3323216666666666,0.00019999999999997797,40000.0000000044,USDCAD
1.3322500000000002,1.3324500000000001,1.3323216666666666,0.00019999999999997797,40000.0000000044,USDCAD
1.3322500000000002,1.3324500000000001,1.3323216666666666,0.00019999999999997797,40000.0000000044,USDCAD
1.3322500000000002,1.3324500000000001,1.3323216666666666,0.00019999999999997797,40000.0000000044,USDCAD
1.3322500000000002,1.3324500000000001,1.3323216666666666,0.00019999999999997797,40000.0000000044,USDCAD
1.3322500000000002,1.3324500000000001,1.3323216666666666,0.00019999999999997797,40000.0000000044,USDCAD
1.3322500000000002,1.3324500000000001,1.3323216666666666,0.00019999999999997797,40000.0000000044,USDCAD
1.3322500000000002,1.3324500000000001,1.3323216666666666,0.00019999999999997797,40000.0000000044,USDCAD
1.3322500000000002,1.3324500000000001,1.3323216666666666,0.00019999999999997797,40000.0000000044,USDCAD
1.3322500000000002,1.3324500000000001,1.3323216666666666,0.00019999999999997797,40000.0000000044,USDCAD
1.3322500000000002,1.3324500000000001,1.3323216666666666,0.00019999999999997797,40000.0000000044,USDCAD
1.3322500000000002,1.3324500000000001,1.3323216666666666,0.00019999999999997797,40000.0000000044,USDCAD
1.3322500000000002,1.3324500000000001,1.3323216666666666,0.00019999999999997797,40000.0000000044,USDCAD
1.3322500000000002,1.3324500000000001,1.3323216666666666,0.00019999999999997797,40000.0000000044,USDCAD
1.3322500000000002,1.3324500000000001,1.3323216666666666,0.00019999999999997797,40000.0000000044,USDCAD
1.3322500000000002,1.3324500000000001,1.3323216666666666,0.00019999999999997797,40000.0000000044,USDCAD
0.007147785,139.90550000000002,125.91386477849998,139.89835221500002,0.07148047022477932,USDJPY
0.007147785,139.90550000000002,125.91386477849998,139.89835221500002,0.07148047022477932,USDJPY
0.007147785,139.90550000000002,125.91386477849998,139.89835221500002,0.07148047022477932,USDJPY
0.007147785,139.90550000000002,125.91386477849998,139.89835221500002,0.07148047022477932,USDJPY
0.007147785,139.90550000000002,125.91386477849998,139.89835221500002,0.07148047022477932,USDJPY
0.007147785,139.90550000000002,125.91386477849998,139.89835221500002,0.07148047022477932,USDJPY
0.007147785,139.90550000000002,125.91386477849998,139.89835221500002,0.07148047022477932,USDJPY
0.007147785,139.90550000000002,125.91386477849998,139.89835221500002,0.07148047022477932,USDJPY
0.007147785,139.90550000000002,125.91386477849998,139.89835221500002,0.07148047022477932,USDJPY
0.007147785,139.90550000000002,125.91386477849998,139.89835221500002,0.07148047022477932,USDJPY
0.007147785,139.90550000000002,125.91386477849998,139.89835221500002,0.07148047022477932,USDJPY
0.007147785,139.90550000000002,125.91386477849998,139.89835221500002,0.07148047022477932,USDJPY
0.007147785,139.90550000000002,125.91386477849998,139.89835221500002,0.07148047022477932,USDJPY
0.007147785,139.90550000000002,125.91386477849998,139.89835221500002,0.07148047022477932,USDJPY
0.007147785,139.90550000000002,125.91386477849998,139.89835221500002,0.07148047022477932,USDJPY
0.007147785,139.90550000000002,125.91386477849998,139.89835221500002,0.07148047022477932,USDJPY
0.007147785,139.90550000000002,125.91386477849998,139.89835221500002,0.07148047022477932,USDJPY
0.007147785,139.90550000000002,125.91386477849998,139.89835221500002,0.07148047022477932,USDJPY
0.007147785,139.90550000000002,125.91386477849998,139.89835221500002,0.07148047022477932,USDJPY
0.007147785,139.90550000000002,125.91386477849998,139.89835221500002,0.07148047022477932,USDJPY
0.007147785,139.90550000000002,125.91386477849998,139.89835221500002,0.07148047022477932,USDJPY
0.007147785,139.90550000000002,125.91386477849998,139.89835221500002,0.07148047022477932,USDJPY
0.007147785,139.90550000000002,125.91386477849998,139.89835221500002,0.07148047022477932,USDJPY
0.007147785,139.90550000000002,125.91386477849998,139.89835221500002,0.07148047022477932,USDJPY
0.007147785,139.90550000000002,125.91386477849998,139.89835221500002,0.07148047022477932,USDJPY
0.007147785,139.90550000000002,125.91386477849998,139.89835221500002,0.07148047022477932,USDJPY
0.007147785,139.90550000000002,125.91386477849998,139.89835221500002,0.07148047022477932,USDJPY
0.007147785,139.90550000000002,125.91386477849998,139.89835221500002,0.07148047022477932,USDJPY
0.007147785,139.90550000000002,125.91386477849998,139.89835221500002,0.07148047022477932,USDJPY
0.007147785,139.90550000000002,125.91386477849998,139.89835221500002,0.07148047022477932,USDJPY
0.007147785,139.90550000000002,125.91386477849998,139.89835221500002,0.07148047022477932,USDJPY
0.007147785,139.90550000000002,125.91386477849998,139.89835221500002,0.07148047022477932,USDJPY
0.007147785,139.90550000000002,125.91386477849998,139.89835221500002,0.07148047022477932,USDJPY
0.007147785,139.90550000000002,125.91386477849998,139.89835221500002,0.07148047022477932,USDJPY
0.007147785,139.90550000000002,125.91386477849998,139.89835221500002,0.07148047022477932,USDJPY
0.007147785,139.90550000000002,125.91386477849998,139.89835221500002,0.07148047022477932,USDJPY
0.007147785,139.90550000000002,125.91386477849998,139.89835221500002,0.07148047022477932,USDJPY
0.007147785,139.90550000000002,125.91386477849998,139.89835221500002,0.07148047022477932,USDJPY
0.007147785,139.90550000000002,125.91386477849998,139.89835221500002,0.07148047022477932,USDJPY
0.007147785,139.90550000000002,125.91386477849998,139.89835221500002,0.07148047022477932,USDJPY
0.007147785,139.90550000000002,125.91386477849998,139.89835221500002,0.07148047022477932,USDJPY
0.007147785,139.90550000000002,125.91386477849998,139.89835221500002,0.07148047022477932,USDJPY
0.007147785,139.90550000000002,125.91386477849998,139.89835221500002,0.07148047022477932,USDJPY
0.007147785,139.90550000000002,125.91386477849998,139.89835221500002,0.07148047022477932,USDJPY
0.007147785,139.90550000000002,125.91386477849998,139.89835221500002,0.07148047022477932,USDJPY
0.007147785,139.90550000000002,125.91386477849998,139.89835221500002,0.07148047022477932,USDJPY
0.007147785,139.90550000000002,125.91386477849998,139.89835221500002,0.07148047022477932,USDJPY
0.007147785,139.90550000000002,125.91386477849998,139.89835221500002,0.07148047022477932,USDJPY
0.007147785,139.90550000000002,125.91386477849998,139.89835221500002,0.07148047022477932,USDJPY
0.007147785,139.90550000000002,125.91386477849998,139.89835221500002,0.07148047022477932,USDJPY
0.007147785,139.90550000000002,125.91386477849998,139.89835221500002,0.07148047022477932,USDJPY
0.007147785,139.90550000000002,125.91386477849998,139.89835221500002,0.07148047022477932,USDJPY
0.007147785,139.90550000000002,125.91386477849998,139.89835221500002,0.07148047022477932,USDJPY
0.007147785,139.90550000000002,125.91386477849998,139.89835221500002,0.07148047022477932,USDJPY
0.007147785,139.90550000000002,125.91386477849998,139.89835221500002,0.07148047022477932,USDJPY
0.007147785,139.90550000000002,125.91386477849998,139.89835221500002,0.07148047022477932,USDJPY
0.007147785,139.90550000000002,125.91386477849998,139.89835221500002,0.07148047022477932,USDJPY
0.007147785,139.90550000000002,125.91386477849998,139.89835221500002,0.07148047022477932,USDJPY
0.007147785,139.90550000000002,125.91386477849998,139.89835221500002,0.07148047022477932,USDJPY
0.007147785,139.90550000000002,125.91386477849998,139.89835221500002,0.07148047022477932,USDJPY
0.007147785,139.90550000000002,125.91386477849998,139.89835221500002,0.07148047022477932,USDJPY
0.007147785,139.90550000000002,125.91386477849998,139.89835221500002,0.07148047022477932,USDJPY
0.007147785,139.90550000000002,125.91386477849998,139.89835221500002,0.07148047022477932,USDJPY
0.007147785,139.90550000000002,125.91386477849998,139.89835221500002,0.07148047022477932,USDJPY
0.007147785,139.90550000000002,125.91386477849998,139.89835221500002,0.07148047022477932,USDJPY
0.007147785,139.90550000000002,125.91386477849998,139.89835221500002,0.07148047022477932,USDJPY
0.007147785,139.90550000000002,125.91386477849998,139.89835221500002,0.07148047022477932,USDJPY
0.007147785,139.90550000000002,125.91386477849998,139.89835221500002,0.07148047022477932,USDJPY
0.007147785,139.90550000000002,125.91386477849998,139.89835221500002,0.07148047022477932,USDJPY
0.007147785,139.90550000000002,125.91386477849998,139.89835221500002,0.07148047022477932,USDJPY
0.007147785,139.90550000000002,125.91386477849998,139.89835221500002,0.07148047022477932,USDJPY
0.007147785,139.90550000000002,125.91386477849998,139.89835221500002,0.07148047022477932,USDJPY
0.007147785,139.90550000000002,125.91386477849998,139.89835221500002,0.07148047022477932,USDJPY
0.007147785,139.90550000000002,125.91386477849998,139.89835221500002,0.07148047022477932,USDJPY
0.007147785,139.90550000000002,125.91386477849998,139.89835221500002,0.07148047022477932,USDJPY
0.007147785,139.90550000000002,125.91386477849998,139.89835221500002,0.07148047022477932,USDJPY
0.007147785,139.90550000000002,125.91386477849998,139.89835221500002,0.07148047022477932,USDJPY
0.007147785,139.90550000000002,125.91386477849998,139.89835221500002,0.07148047022477932,USDJPY
0.007147785,139.90550000000002,125.91386477849998,139.89835221500002,0.07148047022477932,USDJPY
0.007147785,139.90550000000002,125.91386477849998,139.89835221500002,0.07148047022477932,USDJPY
0.007147785,139.90550000000002,125.91386477849998,139.89835221500002,0.07148047022477932,USDJPY
0.007147785,139.90550000000002,125.91386477849998,139.89835221500002,0.07148047022477932,USDJPY
0.007147785,139.90550000000002,125.91386477849998,139.89835221500002,0.07148047022477932,USDJPY
0.007147785,139.90550000000002,125.91386477849998,139.89835221500002,0.07148047022477932,USDJPY
0.007147785,139.90550000000002,125.91386477849998,139.89835221500002,0.07148047022477932,USDJPY
0.007147785,139.90550000000002,125.91386477849998,139.89835221500002,0.07148047022477932,USDJPY
0.007147785,139.90550000000002,125.91386477849998,139.89835221500002,0.07148047022477932,USDJPY
0.007147785,139.90550000000002,125.91386477849998,139.89835221500002,0.07148047022477932,USDJPY
0.007147785,139.90550000000002,125.91386477849998,139.89835221500002,0.07148047022477932,USDJPY
0.007147785,139.90550000000002,125.91386477849998,139.89835221500002,0.07148047022477932,USDJPY
0.007147785,139.90550000000002,125.91386477849998,139.89835221500002,0.07148047022477932,USDJPY
0.007147785,139.90550000000002,125.91386477849998,139.89835221500002,0.07148047022477932,USDJPY
0.007147785,139.90550000000002,125.91386477849998,139.89835221500002,0.07148047022477932,USDJPY
0.007147785,139.90550000000002,125.91386477849998,139.89835221500002,0.07148047022477932,USDJPY
0.007147785,139.90550000000002,125.91386477849998,139.89835221500002,0.07148047022477932,USDJPY
0.007147785,139.90550000000002,125.91386477849998,139.89835221500002,0.07148047022477932,USDJPY
0.007147785,139.90550000000002,125.91386477849998,139.89835221500002,0.07148047022477932,USDJPY
0.007147785,139.90550000000002,125.91386477849998,139.89835221500002,0.07148047022477932,USDJPY
0.007147785,139.90550000000002,125.91386477849998,139.89835221500002,0.07148047022477932,USDJPY
0.007147785,139.90550000000002,125.91386477849998,139.89835221500002,0.07148047022477932,USDJPY
19.40397,19.4042,19.404085000000002,0.00022999999999839815,43478.26086986803,USDMXN
19.40397,19.4042,19.404085000000002,0.00022999999999839815,43478.26086986803,USDMXN
19.40397,19.4042,19.404085000000002,0.00022999999999839815,43478.26086986803,USDMXN
19.40397,19.4042,19.404085000000002,0.00022999999999839815,43478.26086986803,USDMXN
19.40397,19.4042,19.404085000000002,0.00022999999999839815,43478.26086986803,USDMXN
19.40397,19.4042,19.404085000000002,0.00022999999999839815,43478.26086986803,USDMXN
19.40397,19.4042,19.404085000000002,0.00022999999999839815,43478.26086986803,USDMXN
19.40397,19.4042,19.404085000000002,0.00022999999999839815,43478.26086986803,USDMXN
19.40397,19.4042,19.404085000000002,0.00022999999999839815,43478.26086986803,USDMXN
19.40397,19.4042,19.404085000000002,0.00022999999999839815,43478.26086986803,USDMXN
19.40397,19.4042,19.404085000000002,0.00022999999999839815,43478.26086986803,USDMXN
19.40397,19.4042,19.404085000000002,0.00022999999999839815,43478.26086986803,USDMXN
19.40397,19.4042,19.404085000000002,0.00022999999999839815,43478.26086986803,USDMXN
19.40397,19.4042,19.404085000000002,0.00022999999999839815,43478.26086986803,USDMXN
19.40397,19.4042,19.404085000000002,0.00022999999999839815,43478.26086986803,USDMXN
19.40397,19.4042,19.404085000000002,0.00022999999999839815,43478.26086986803,USDMXN
19.40397,19.4042,19.404085000000002,0.00022999999999839815,43478.26086986803,USDMXN
19.40397,19.4042,19.404085000000002,0.00022999999999839815,43478.26086986803,USDMXN
19.40397,19.4042,19.404085000000002,0.00022999999999839815,43478.26086986803,USDMXN
19.40397,19.4042,19.404085000000002,0.00022999999999839815,43478.26086986803,USDMXN
19.40397,19.4042,19.404085000000002,0.00022999999999839815,43478.26086986803,USDMXN
19.40397,19.4042,19.404085000000002,0.00022999999999839815,43478.26086986803,USDMXN
19.40397,19.4042,19.404085000000002,0.00022999999999839815,43478.26086986803,USDMXN
19.40397,19.4042,19.404085000000002,0.00022999999999839815,43478.26086986803,USDMXN
19.40397,19.4042,19.404085000000002,0.00022999999999839815,43478.26086986803,USDMXN
19.40397,19.4042,19.404085000000002,0.00022999999999839815,43478.26086986803,USDMXN
19.40397,19.4042,19.404085000000002,0.00022999999999839815,43478.26086986803,USDMXN
19.40397,19.4042,19.404085000000002,0.00022999999999839815,43478.26086986803,USDMXN
19.40397,19.4042,19.404085000000002,0.00022999999999839815,43478.26086986803,USDMXN
19.40397,19.4042,19.404085000000002,0.00022999999999839815,43478.26086986803,USDMXN
19.40397,19.4042,19.404085000000002,0.00022999999999839815,43478.26086986803,USDMXN
19.40397,19.4042,19.404085000000002,0.00022999999999839815,43478.26086986803,USDMXN
19.40397,19.4042,19.404085000000002,0.00022999999999839815,43478.26086986803,USDMXN
19.40397,19.4042,19.404085000000002,0.00022999999999839815,43478.26086986803,USDMXN
19.40397,19.4042,19.404085000000002,0.00022999999999839815,43478.26086986803,USDMXN
19.40397,19.4042,19.404085000000002,0.00022999999999839815,43478.26086986803,USDMXN
19.40397,19.4042,19.404085000000002,0.00022999999999839815,43478.26086986803,USDMXN
19.40397,19.4042,19.404085000000002,0.00022999999999839815,43478.26086986803,USDMXN
19.40397,19.4042,19.404085000000002,0.00022999999999839815,43478.26086986803,USDMXN
19.40397,19.4042,19.404085000000002,0.00022999999999839815,43478.26086986803,USDMXN
19.40397,19.4042,19.404085000000002,0.00022999999999839815,43478.26086986803,USDMXN
19.40397,19.4042,19.404085000000002,0.00022999999999839815,43478.26086986803,USDMXN
19.40397,19.4042,19.404085000000002,0.00022999999999839815,43478.26086986803,USDMXN
19.40397,19.4042,19.404085000000002,0.00022999999999839815,43478.26086986803,USDMXN
19.40397,19.4042,19.404085000000002,0.00022999999999839815,43478.26086986803,USDMXN
19.40397,19.4042,19.404085000000002,0.00022999999999839815,43478.26086986803,USDMXN
19.40397,19.4042,19.404085000000002,0.00022999999999839815,43478.26086986803,USDMXN
19.40397,19.4042,19.404085000000002,0.00022999999999839815,43478.26086986803,USDMXN
19.40397,19.4042,19.404085000000002,0.00022999999999839815,43478.26086986803,USDMXN
19.40397,19.4042,19.404085000000002,0.00022999999999839815,43478.26086986803,USDMXN
19.40397,19.4042,19.404085000000002,0.00022999999999839815,43478.26086986803,USDMXN
19.40397,19.4042,19.404085000000002,0.00022999999999839815,43478.26086986803,USDMXN
19.40397,19.4042,19.404085000000002,0.00022999999999839815,43478.26086986803,USDMXN
19.40397,19.4042,19.404085000000002,0.00022999999999839815,43478.26086986803,USDMXN
19.40397,19.4042,19.404085000000002,0.00022999999999839815,43478.26086986803,USDMXN
19.40397,19.4042,19.404085000000002,0.00022999999999839815,43478.26086986803,USDMXN
19.40397,19.4042,19.404085000000002,0.00022999999999839815,43478.26086986803,USDMXN
19.40397,19.4042,19.404085000000002,0.00022999999999839815,43478.26086986803,USDMXN
19.40397,19.4042,19.404085000000002,0.00022999999999839815,43478.26086986803,USDMXN
19.40397,19.4042,19.404085000000002,0.00022999999999839815,43478.26086986803,USDMXN
19.40397,19.4042,19.404085000000002,0.00022999999999839815,43478.26086986803,USDMXN
19.40397,19.4042,19.404085000000002,0.00022999999999839815,43478.26086986803,USDMXN
19.40397,19.4042,19.404085000000002,0.00022999999999839815,43478.26086986803,USDMXN
19.40397,19.4042,19.404085000000002,0.00022999999999839815,43478.26086986803,USDMXN
19.40397,19.4042,19.404085000000002,0.00022999999999839815,43478.26086986803,USDMXN
19.40397,19.4042,19.404085000000002,0.00022999999999839815,43478.26086986803,USDMXN
19.40397,19.4042,19.404085000000002,0.00022999999999839815,43478.26086986803,USDMXN
19.40397,19.4042,19.404085000000002,0.00022999999999839815,43478.26086986803,USDMXN
19.40397,19.4042,19.404085000000002,0.00022999999999839815,43478.26086986803,USDMXN
19.40397,19.4042,19.404085000000002,0.00022999999999839815,43478.26086986803,USDMXN
19.40397,19.4042,19.404085000000002,0.00022999999999839815,43478.26086986803,USDMXN
19.40397,19.4042,19.404085000000002,0.00022999999999839815,43478.26086986803,USDMXN
19.40397,19.4042,19.404085000000002,0.00022999999999839815,43478.26086986803,USDMXN
19.40397,19.4042,19.404085000000002,0.00022999999999839815,43478.26086986803,USDMXN
19.40397,19.4042,19.404085000000002,0.00022999999999839815,43478.26086986803,USDMXN
19.40397,19.4042,19.404085000000002,0.00022999999999839815,43478.26086986803,USDMXN
19.40397,19.4042,19.404085000000002,0.00022999999999839815,43478.26086986803,USDMXN
19.40397,19.4042,19.404085000000002,0.00022999999999839815,43478.26086986803,USDMXN
19.40397,19.4042,19.404085000000002,0.00022999999999839815,43478.26086986803,USDMXN
19.40397,19.4042,19.404085000000002,0.00022999999999839815,43478.26086986803,USDMXN
19.40397,19.4042,19.404085000000002,0.00022999999999839815,43478.26086986803,USDMXN
19.40397,19.4042,19.404085000000002,0.00022999999999839815,43478.26086986803,USDMXN
19.40397,19.4042,19.404085000000002,0.00022999999999839815,43478.26086986803,USDMXN
19.40397,19.4042,19.404085000000002,0.00022999999999839815,43478.26086986803,USDMXN
19.40397,19.4042,19.404085000000002,0.00022999999999839815,43478.26086986803,USDMXN
19.40397,19.4042,19.404085000000002,0.00022999999999839815,43478.26086986803,USDMXN
19.40397,19.4042,19.404085000000002,0.00022999999999839815,43478.26086986803,USDMXN
19.40397,19.4042,19.404085000000002,0.00022999999999839815,43478.26086986803,USDMXN
19.40397,19.4042,19.404085000000002,0.00022999999999839815,43478.26086986803,USDMXN
19.40397,19.4042,19.404085000000002,0.00022999999999839815,43478.26086986803,USDMXN
19.40397,19.4042,19.404085000000002,0.00022999999999839815,43478.26086986803,USDMXN
19.40397,19.4042,19.404085000000002,0.00022999999999839815,43478.26086986803,USDMXN
19.40397,19.4042,19.404085000000002,0.00022999999999839815,43478.26086986803,USDMXN
19.40397,19.4042,19.404085000000002,0.00022999999999839815,43478.26086986803,USDMXN
19.40397,19.4042,19.404085000000002,0.00022999999999839815,43478.26086986803,USDMXN
19.40397,19.4042,19.404085000000002,0.00022999999999839815,43478.26086986803,USDMXN
19.40397,19.4042,19.404085000000002,0.00022999999999839815,43478.26086986803,USDMXN
19.40397,19.4042,19.404085000000002,0.00022999999999839815,43478.26086986803,USDMXN
19.40397,19.4042,19.404085000000002,0.00022999999999839815,43478.26086986803,USDMXN
19.40397,19.4042,19.404085000000002,0.00022999999999839815,43478.26086986803,USDMXN
0.964505,1.03682,1.022355,0.07231500000000013,138.28389684021272,EURUSD
0.964505,1.03682,1.022355,0.07231500000000013,138.28389684021272,EURUSD
0.964505,1.03682,1.022355,0.07231500000000013,138.28389684021272,EURUSD
0.964505,1.03682,1.022355,0.07231500000000013,138.28389684021272,EURUSD
0.964505,1.03682,1.022355,0.07231500000000013,138.28389684021272,EURUSD
0.964505,1.03682,1.022355,0.07231500000000013,138.28389684021272,EURUSD
0.964505,1.03682,1.022355,0.07231500000000013,138.28389684021272,EURUSD
0.964505,1.03682,1.022355,0.07231500000000013,138.28389684021272,EURUSD
0.964505,1.03682,1.022355,0.07231500000000013,138.28389684021272,EURUSD
0.964505,1.03682,1.022355,0.07231500000000013,138.28389684021272,EURUSD
0.964505,1.03682,1.022355,0.07231500000000013,138.28389684021272,EURUSD
0.964505,1.03682,1.022355,0.07231500000000013,138.28389684021272,EURUSD
0.964505,1.03682,1.022355,0.07231500000000013,138.28389684021272,EURUSD
0.964505,1.03682,1.022355,0.07231500000000013,138.28389684021272,EURUSD
0.964505,1.03682,1.022355,0.07231500000000013,138.28389684021272,EURUSD
0.964505,1.03682,1.022355,0.07231500000000013,138.28389684021272,EURUSD
0.964505,1.03682,1.022355,0.07231500000000013,138.28389684021272,EURUSD
0.964505,1.03682,1.022355,0.07231500000000013,138.28389684021272,EURUSD
0.964505,1.03682,1.022355,0.07231500000000013,138.28389684021272,EURUSD
0.964505,1.03682,1.022355,0.07231500000000013,138.28389684021272,EURUSD
0.964505,1.03682,1.022355,0.07231500000000013,138.28389684021272,EURUSD
0.964505,1.03682,1.022355,0.07231500000000013,138.28389684021272,EURUSD
0.964505,1.03682,1.022355,0.07231500000000013,138.28389684021272,EURUSD
0.964505,1.03682,1.022355,0.07231500000000013,138.28389684021272,EURUSD
0.964505,1.03682,1.022355,0.07231500000000013,138.28389684021272,EURUSD
0.964505,1.03682,1.022355,0.07231500000000013,138.28389684021272,EURUSD
0.964505,1.03682,1.022355,0.07231500000000013,138.28389684021272,EURUSD
0.964505,1.03682,1.022355,0.07231500000000013,138.28389684021272,EURUSD
0.964505,1.03682,1.022355,0.07231500000000013,138.28389684021272,EURUSD
0.964505,1.03682,1.022355,0.07231500000000013,138.28389684021272,EURUSD
0.964505,1.03682,1.022355,0.07231500000000013,138.28389684021272,EURUSD
0.964505,1.03682,1.022355,0.07231500000000013,138.28389684021272,EURUSD
0.964505,1.03682,1.022355,0.07231500000000013,138.28389684021272,EURUSD
0.964505,1.03682,1.022355,0.07231500000000013,138.28389684021272,EURUSD
0.964505,1.03682,1.022355,0.07231500000000013,138.28389684021272,EURUSD
0.964505,1.03682,1.022355,0.07231500000000013,138.28389684021272,EURUSD
0.964505,1.03682,1.022355,0.07231500000000013,138.28389684021272,EURUSD
0.964505,1.03682,1.022355,0.07231500000000013,138.28389684021272,EURUSD
0.964505,1.03682,1.022355,0.07231500000000013,138.28389684021272,EURUSD
0.964505,1.03682,1.022355,0.07231500000000013,138.28389684021272,EURUSD
0.964505,1.03682,1.022355,0.07231500000000013,138.28389684021272,EURUSD
0.964505,1.03682,1.022355,0.07231500000000013,138.28389684021272,EURUSD
0.964505,1.03682,1.022355,0.07231500000000013,138.28389684021272,EURUSD
0.964505,1.03682,1.022355,0.07231500000000013,138.28389684021272,EURUSD
0.964505,1.03682,1.022355,0.07231500000000013,138.28389684021272,EURUSD
0.964505,1.03682,1.022355,0.07231500000000013,138.28389684021272,EURUSD
0.964505,1.03682,1.022355,0.07231500000000013,138.28389684021272,EURUSD
0.964505,1.03682,1.022355,0.07231500000000013,138.28389684021272,EURUSD
0.964505,1.03682,1.022355,0.07231500000000013,138.28389684021272,EURUSD
0.964505,1.03682,1.022355,0.07231500000000013,138.28389684021272,EURUSD
0.964505,1.03682,1.022355,0.07231500000000013,138.28389684021272,EURUSD
0.964505,1.03682,1.022355,0.07231500000000013,138.28389684021272,EURUSD
0.964505,1.03682,1.022355,0.07231500000000013,138.28389684021272,EURUSD
0.964505,1.03682,1.022355,0.07231500000000013,138.28389684021272,EURUSD
0.964505,1.03682,1.022355,0.07231500000000013,138.28389684021272,EURUSD
0.964505,1.03682,1.022355,0.07231500000000013,138.28389684021272,EURUSD
0.964505,1.03682,1.022355,0.07231500000000013,138.28389684021272,EURUSD
0.964505,1.03682,1.022355,0.07231500000000013,138.28389684021272,EURUSD
0.964505,1.03682,1.022355,0.07231500000000013,138.28389684021272,EURUSD
0.964505,1.03682,1.022355,0.07231500000000013,138.28389684021272,EURUSD
0.964505,1.03682,1.022355,0.07231500000000013,138.28389684021272,EURUSD
0.964505,1.03682,1.022355,0.07231500000000013,138.28389684021272,EURUSD
0.964505,1.03682,1.022355,0.07231500000000013,138.28389684021272,EURUSD
0.964505,1.03682,1.022355,0.07231500000000013,138.28389684021272,EURUSD
0.964505,1.03682,1.022355,0.07231500000000013,138.28389684021272,EURUSD
0.964505,1.03682,1.022355,0.07231500000000013,138.28389684021272,EURUSD
0.964505,1.03682,1.022355,0.07231500000000013,138.28389684021272,EURUSD
0.964505,1.03682,1.022355,0.07231500000000013,138.28389684021272,EURUSD
0.964505,1.03682,1.022355,0.07231500000000013,138.28389684021272,EURUSD
0.964505,1.03682,1.022355,0.07231500000000013,138.28389684021272,EURUSD
0.964505,1.03682,1.022355,0.07231500000000013,138.28389684021272,EURUSD
0.964505,1.03682,1.022355,0.07231500000000013,138.28389684021272,EURUSD
0.964505,1.03682,1.022355,0.07231500000000013,138.28389684021272,EURUSD
0.964505,1.03682,1.022355,0.07231500000000013,138.28389684021272,EURUSD
0.964505,1.03682,1.022355,0.07231500000000013,138.28389684021272,EURUSD
0.964505,1.03682,1.022355,0.07231500000000013,138.28389684021272,EURUSD
0.964505,1.03682,1.022355,0.07231500000000013,138.28389684021272,EURUSD
0.964505,1.03682,1.022355,0.07231500000000013,138.28389684021272,EURUSD
0.964505,1.03682,1.022355,0.07231500000000013,138.28389684021272,EURUSD
0.964505,1.03682,1.022355,0.07231500000000013,138.28389684021272,EURUSD
0.964505,1.03682,1.022355,0.07231500000000013,138.28389684021272,EURUSD
0.964505,1.03682,1.022355,0.07231500000000013,138.28389684021272,EURUSD
0.964505,1.03682,1.022355,0.07231500000000013,138.28389684021272,EURUSD
0.964505,1.03682,1.022355,0.07231500000000013,138.28389684021272,EURUSD
0.964505,1.03682,1.022355,0.07231500000000013,138.28389684021272,EURUSD
0.964505,1.03682,1.022355,0.07231500000000013,138.28389684021272,EURUSD
0.964505,1.03682,1.022355,0.07231500000000013,138.28389684021272,EURUSD
0.964505,1.03682,1.022355,0.07231500000000013,138.28389684021272,EURUSD
0.964505,1.03682,1.022355,0.07231500000000013,138.28389684021272,EURUSD
0.964505,1.03682,1.022355,0.07231500000000013,138.28389684021272,EURUSD
0.964505,1.03682,1.022355,0.07231500000000013,138.28389684021272,EURUSD
0.964505,1.03682,1.022355,0.07231500000000013,138.28389684021272,EURUSD
0.964505,1.03682,1.022355,0.07231500000000013,138.28389684021272,EURUSD
0.964505,1.03682,1.022355,0.07231500000000013,138.28389684021272,EURUSD
0.964505,1.03682,1.022355,0.07231500000000013,138.28389684021272,EURUSD
0.964505,1.03682,1.022355,0.07231500000000013,138.28389684021272,EURUSD
0.964505,1.03682,1.022355,0.07231500000000013,138.28389684021272,EURUSD
0.964505,1.03682,1.022355,0.07231500000000013,138.28389684021272,EURUSD
0.964505,1.03682,1.022355,0.07231500000000013,138.28389684021272,EURUSD
0.964505,1.03682,1.022355,0.07231500000000013,138.28389684021272,EURUSD
7.1258,7.1258,7.1258,0.0,10,USDCNY
7.1258,7.1258,7.1258,0.0,10,USDCNY
7.1258,7.1258,7.1258,0.0,10,USDCNY
7.1258,7.1258,7.1258,0.0,10,USDCNY
7.1258,7.1258,7.1258,0.0,10,USDCNY
7.1258,7.1258,7.1258,0.0,10,USDCNY
7.1258,7.1258,7.1258,0.0,10,USDCNY
7.1258,7.1258,7.1258,0.0,10,USDCNY
7.1258,7.1258,7.1258,0.0,10,USDCNY
7.1258,7.1258,7.1258,0.0,10,USDCNY
7.1258,7.1258,7.1258,0.0,10,USDCNY
7.1258,7.1258,7.1258,0.0,10,USDCNY
7.1258,7.1258,7.1258,0.0,10,USDCNY
7.1258,7.1258,7.1258,0.0,10,USDCNY
7.1258,7.1258,7.1258,0.0,10,USDCNY
7.1258,7.1258,7.1258,0.0,10,USDCNY
7.1258,7.1258,7.1258,0.0,10,USDCNY
7.1258,7.1258,7.1258,0.0,10,USDCNY
7.1258,7.1258,7.1258,0.0,10,USDCNY
7.1258,7.1258,7.1258,0.0,10,USDCNY
7.1258,7.1258,7.1258,0.0,10,USDCNY
7.1258,7.1258,7.1258,0.0,10,USDCNY
7.1258,7.1258,7.1258,0.0,10,USDCNY
7.1258,7.1258,7.1258,0.0,10,USDCNY
7.1258,7.1258,7.1258,0.0,10,USDCNY
7.1258,7.1258,7.1258,0.0,10,USDCNY
7.1258,7.1258,7.1258,0.0,10,USDCNY
7.1258,7.1258,7.1258,0.0,10,USDCNY
7.1258,7.1258,7.1258,0.0,10,USDCNY
7.1258,7.1258,7.1258,0.0,10,USDCNY
7.1258,7.1258,7.1258,0.0,10,USDCNY
7.1258,7.1258,7.1258,0.0,10,USDCNY
7.1258,7.1258,7.1258,0.0,10,USDCNY
7.1258,7.1258,7.1258,0.0,10,USDCNY
7.1258,7.1258,7.1258,0.0,10,USDCNY
7.1258,7.1258,7.1258,0.0,10,USDCNY
7.1258,7.1258,7.1258,0.0,10,USDCNY
7.1258,7.1258,7.1258,0.0,10,USDCNY
7.1258,7.1258,7.1258,0.0,10,USDCNY
7.1258,7.1258,7.1258,0.0,10,USDCNY
7.1258,7.1258,7.1258,0.0,10,USDCNY
7.1258,7.1258,7.1258,0.0,10,USDCNY
7.1258,7.1258,7.1258,0.0,10,USDCNY
7.1258,7.1258,7.1258,0.0,10,USDCNY
7.1258,7.1258,7.1258,0.0,10,USDCNY
7.1258,7.1258,7.1258,0.0,10,USDCNY
7.1258,7.1258,7.1258,0.0,10,USDCNY
7.1258,7.1258,7.1258,0.0,10,USDCNY
7.1258,7.1258,7.1258,0.0,10,USDCNY
7.1258,7.1258,7.1258,0.0,10,USDCNY
7.1258,7.1258,7.1258,0.0,10,USDCNY
7.1258,7.1258,7.1258,0.0,10,USDCNY
7.1258,7.1258,7.1258,0.0,10,USDCNY
7.1258,7.1258,7.1258,0.0,10,USDCNY
7.1258,7.1258,7.1258,0.0,10,USDCNY
7.1258,7.1258,7.1258,0.0,10,USDCNY
7.1258,7.1258,7.1258,0.0,10,USDCNY
7.1258,7.1258,7.1258,0.0,10,USDCNY
7.1258,7.1258,7.1258,0.0,10,USDCNY
7.1258,7.1258,7.1258,0.0,10,USDCNY
7.1258,7.1258,7.1258,0.0,10,USDCNY
7.1258,7.1258,7.1258,0.0,10,USDCNY
7.1258,7.1258,7.1258,0.0,10,USDCNY
7.1258,7.1258,7.1258,0.0,10,USDCNY
7.1258,7.1258,7.1258,0.0,10,USDCNY
7.1258,7.1258,7.1258,0.0,10,USDCNY
7.1258,7.1258,7.1258,0.0,10,USDCNY
7.1258,7.1258,7.1258,0.0,10,USDCNY
7.1258,7.1258,7.1258,0.0,10,USDCNY
7.1258,7.1258,7.1258,0.0,10,USDCNY
7.1258,7.1258,7.1258,0.0,10,USDCNY
7.1258,7.1258,7.1258,0.0,10,USDCNY
7.1258,7.1258,7.1258,0.0,10,USDCNY
7.1258,7.1258,7.1258,0.0,10,USDCNY
7.1258,7.1258,7.1258,0.0,10,USDCNY
7.1258,7.1258,7.1258,0.0,10,USDCNY
7.1258,7.1258,7.1258,0.0,10,USDCNY
7.1258,7.1258,7.1258,0.0,10,USDCNY
7.1258,7.1258,7.1258,0.0,10,USDCNY
7.1258,7.1258,7.1258,0.0,10,USDCNY
7.1258,7.1258,7.1258,0.0,10,USDCNY
7.1258,7.1258,7.1258,0.0,10,USDCNY
7.1258,7.1258,7.1258,0.0,10,USDCNY
7.1258,7.1258,7.1258,0.0,10,USDCNY
7.1258,7.1258,7.1258,0.0,10,USDCNY
7.1258,7.1258,7.1258,0.0,10,USDCNY
7.1258,7.1258,7.1258,0.0,10,USDCNY
7.1258,7.1258,7.1258,0.0,10,USDCNY
7.1258,7.1258,7.1258,0.0,10,USDCNY
7.1258,7.1258,7.1258,0.0,10,USDCNY
7.1258,7.1258,7.1258,0.0,10,USDCNY
7.1258,7.1258,7.1258,0.0,10,USDCNY
7.1258,7.1258,7.1258,0.0,10,USDCNY
7.1258,7.1258,7.1258,0.0,10,USDCNY
7.1258,7.1258,7.1258,0.0,10,USDCNY
7.1258,7.1258,7.1258,0.0,10,USDCNY
7.1258,7.1258,7.1258,0.0,10,USDCNY
7.1258,7.1258,7.1258,0.0,10,USDCNY
7.1258,7.1258,7.1258,0.0,10,USDCNY
7.1258,7.1258,7.1258,0.0,10,USDCNY
23.53595,23.5381,23.537415,0.0021500000000003183,4651.162790696986,USDCZK
23.53595,23.5381,23.537415,0.0021500000000003183,4651.162790696986,USDCZK
23.53595,23.5381,23.537415,0.0021500000000003183,4651.162790696986,USDCZK
23.53595,23.5381,23.537415,0.0021500000000003183,4651.162790696986,USDCZK
23.53595,23.5381,23.537415,0.0021500000000003183,4651.162790696986,USDCZK
23.53595,23.5381,23.537415,0.0021500000000003183,4651.162790696986,USDCZK
23.53595,23.5381,23.537415,0.0021500000000003183,4651.162790696986,USDCZK
23.53595,23.5381,23.537415,0.0021500000000003183,4651.162790696986,USDCZK
23.53595,23.5381,23.537415,0.0021500000000003183,4651.162790696986,USDCZK
23.53595,23.5381,23.537415,0.0021500000000003183,4651.162790696986,USDCZK
23.53595,23.5381,23.537415,0.0021500000000003183,4651.162790696986,USDCZK
23.53595,23.5381,23.537415,0.0021500000000003183,4651.162790696986,USDCZK
23.53595,23.5381,23.537415,0.0021500000000003183,4651.162790696986,USDCZK
23.53595,23.5381,23.537415,0.0021500000000003183,4651.162790696986,USDCZK
23.53595,23.5381,23.537415,0.0021500000000003183,4651.162790696986,USDCZK
23.53595,23.5381,23.537415,0.0021500000000003183,4651.162790696986,USDCZK
23.53595,23.5381,23.537415,0.0021500000000003183,4651.162790696986,USDCZK
23.53595,23.5381,23.537415,0.0021500000000003183,4651.162790696986,USDCZK
23.53595,23.5381,23.537415,0.0021500000000003183,4651.162790696986,USDCZK
23.53595,23.5381,23.537415,0.0021500000000003183,4651.162790696986,USDCZK
23.53595,23.5381,23.537415,0.0021500000000003183,4651.162790696986,USDCZK
23.53595,23.5381,23.537415,0.0021500000000003183,4651.162790696986,USDCZK
23.53595,23.5381,23.537415,0.0021500000000003183,4651.162790696986,USDCZK
23.53595,23.5381,23.537415,0.0021500000000003183,4651.162790696986,USDCZK
23.53595,23.5381,23.537415,0.0021500000000003183,4651.162790696986,USDCZK
23.53595,23.5381,23.537415,0.0021500000000003183,4651.162790696986,USDCZK
23.53595,23.5381,23.537415,0.0021500000000003183,4651.162790696986,USDCZK
23.53595,23.5381,23.537415,0.0021500000000003183,4651.162790696986,USDCZK
23.53595,23.5381,23.537415,0.0021500000000003183,4651.162790696986,USDCZK
23.53595,23.5381,23.537415,0.0021500000000003183,4651.162790696986,USDCZK
23.53595,23.5381,23.537415,0.0021500000000003183,4651.162790696986,USDCZK
23.53595,23.5381,23.537415,0.0021500000000003183,4651.162790696986,USDCZK
23.53595,23.5381,23.537415,0.0021500000000003183,4651.162790696986,USDCZK
23.53595,23.5381,23.537415,0.0021500000000003183,4651.162790696986,USDCZK
23.53595,23.5381,23.537415,0.0021500000000003183,4651.162790696986,USDCZK
23.53595,23.5381,23.537415,0.0021500000000003183,4651.162790696986,USDCZK
23.53595,23.5381,23.537415,0.0021500000000003183,4651.162790696986,USDCZK
23.53595,23.5381,23.537415,0.0021500000000003183,4651.162790696986,USDCZK
23.53595,23.5381,23.537415,0.0021500000000003183,4651.162790696986,USDCZK
23.53595,23.5381,23.537415,0.0021500000000003183,4651.162790696986,USDCZK
23.53595,23.5381,23.537415,0.0021500000000003183,4651.162790696986,USDCZK
23.53595,23.5381,23.537415,0.0021500000000003183,4651.162790696986,USDCZK
23.53595,23.5381,23.537415,0.0021500000000003183,4651.162790696986,USDCZK
23.53595,23.5381,23.537415,0.0021500000000003183,4651.162790696986,USDCZK
23.53595,23.5381,23.537415,0.0021500000000003183,4651.162790696986,USDCZK
23.53595,23.5381,23.537415,0.0021500000000003183,4651.162790696986,USDCZK
23.53595,23.5381,23.537415,0.0021500000000003183,4651.162790696986,USDCZK
23.53595,23.5381,23.537415,0.0021500000000003183,4651.162790696986,USDCZK
23.53595,23.5381,23.537415,0.0021500000000003183,4651.162790696986,USDCZK
23.53595,23.5381,23.537415,0.0021500000000003183,4651.162790696986,USDCZK
23.53595,23.5381,23.537415,0.0021500000000003183,4651.162790696986,USDCZK
23.53595,23.5381,23.537415,0.0021500000000003183,4651.162790696986,USDCZK
23.53595,23.5381,23.537415,0.0021500000000003183,4651.162790696986,USDCZK
23.53595,23.5381,23.537415,0.0021500000000003183,4651.162790696986,USDCZK
23.53595,23.5381,23.537415,0.0021500000000003183,4651.162790696986,USDCZK
23.53595,23.5381,23.537415,0.0021500000000003183,4651.162790696986,USDCZK
23.53595,23.5381,23.537415,0.0021500000000003183,4651.162790696986,USDCZK
23.53595,23.5381,23.537415,0.0021500000000003183,4651.162790696986,USDCZK
23.53595,23.5381,23.537415,0.0021500000000003183,4651.162790696986,USDCZK
23.53595,23.5381,23.537415,0.0021500000000003183,4651.162790696986,USDCZK
23.53595,23.5381,23.537415,0.0021500000000003183,4651.162790696986,USDCZK
23.53595,23.5381,23.537415,0.0021500000000003183,4651.162790696986,USDCZK
23.53595,23.5381,23.537415,0.0021500000000003183,4651.162790696986,USDCZK
23.53595,23.5381,23.537415,0.0021500000000003183,4651.162790696986,USDCZK
23.53595,23.5381,23.537415,0.0021500000000003183,4651.162790696986,USDCZK
23.53595,23.5381,23.537415,0.0021500000000003183,4651.162790696986,USDCZK
23.53595,23.5381,23.537415,0.0021500000000003183,4651.162790696986,USDCZK
23.53595,23.5381,23.537415,0.0021500000000003183,4651.162790696986,USDCZK
23.53595,23.5381,23.537415,0.0021500000000003183,4651.162790696986,USDCZK
23.53595,23.5381,23.537415,0.0021500000000003183,4651.162790696986,USDCZK
23.53595,23.5381,23.537415,0.0021500000000003183,4651.162790696986,USDCZK
23.53595,23.5381,23.537415,0.0021500000000003183,4651.162790696986,USDCZK
23.53595,23.5381,23.537415,0.0021500000000003183,4651.162790696986,USDCZK
23.53595,23.5381,23.537415,0.0021500000000003183,4651.162790696986,USDCZK
23.53595,23.5381,23.537415,0.0021500000000003183,4651.162790696986,USDCZK
23.53595,23.5381,23.537415,0.0021500000000003183,4651.162790696986,USDCZK
23.53595,23.5381,23.537415,0.0021500000000003183,4651.162790696986,USDCZK
23.53595,23.5381,23.537415,0.0021500000000003183,4651.162790696986,USDCZK
23.53595,23.5381,23.537415,0.0021500000000003183,4651.162790696986,USDCZK
23.53595,23.5381,23.537415,0.0021500000000003183,4651.162790696986,USDCZK
23.53595,23.5381,23.537415,0.0021500000000003183,4651.162790696986,USDCZK
23.53595,23.5381,23.537415,0.0021500000000003183,4651.162790696986,USDCZK
23.53595,23.5381,23.537415,0.0021500000000003183,4651.162790696986,USDCZK
23.53595,23.5381,23.537415,0.0021500000000003183,4651.162790696986,USDCZK
23.53595,23.5381,23.537415,0.0021500000000003183,4651.162790696986,USDCZK
23.53595,23.5381,23.537415,0.0021500000000003183,4651.162790696986,USDCZK
23.53595,23.5381,23.537415,0.0021500000000003183,4651.162790696986,USDCZK
23.53595,23.5381,23.537415,0.0021500000000003183,4651.162790696986,USDCZK
23.53595,23.5381,23.537415,0.0021500000000003183,4651.162790696986,USDCZK
23.53595,23.5381,23.537415,0.0021500000000003183,4651.162790696986,USDCZK
23.53595,23.5381,23.537415,0.0021500000000003183,4651.162790696986,USDCZK
23.53595,23.5381,23.537415,0.0021500000000003183,4651.162790696986,USDCZK
23.53595,23.5381,23.537415,0.0021500000000003183,4651.162790696986,USDCZK
23.53595,23.5381,23.537415,0.0021500000000003183,4651.162790696986,USDCZK
23.53595,23.5381,23.537415,0.0021500000000003183,4651.162790696986,USDCZK
23.53595,23.5381,23.537415,0.0021500000000003183,4651.162790696986,USDCZK
23.53595,23.5381,23.537415,0.0021500000000003183,4651.162790696986,USDCZK
23.53595,23.5381,23.537415,0.0021500000000003183,4651.162790696986,USDCZK
23.53595,23.5381,23.537415,0.0021500000000003183,4651.162790696986,USDCZK
23.53595,23.5381,23.537415,0.0021500000000003183,4651.162790696986,USDCZK
4.54225,4.54265,4.542545,0.00039999999999995595,20000.0000000022,USDPLN
4.54225,4.54265,4.542545,0.00039999999999995595,20000.0000000022,USDPLN
4.54225,4.54265,4.542545,0.00039999999999995595,20000.0000000022,USDPLN
4.54225,4.54265,4.542545,0.00039999999999995595,20000.0000000022,USDPLN
4.54225,4.54265,4.542545,0.00039999999999995595,20000.0000000022,USDPLN
4.54225,4.54265,4.542545,0.00039999999999995595,20000.0000000022,USDPLN
4.54225,4.54265,4.542545,0.00039999999999995595,20000.0000000022,USDPLN
4.54225,4.54265,4.542545,0.00039999999999995595,20000.0000000022,USDPLN
4.54225,4.54265,4.542545,0.00039999999999995595,20000.0000000022,USDPLN
4.54225,4.54265,4.542545,0.00039999999999995595,20000.0000000022,USDPLN
4.54225,4.54265,4.542545,0.00039999999999995595,20000.0000000022,USDPLN
4.54225,4.54265,4.542545,0.00039999999999995595,20000.0000000022,USDPLN
4.54225,4.54265,4.542545,0.00039999999999995595,20000.0000000022,USDPLN
4.54225,4.54265,4.542545,0.00039999999999995595,20000.0000000022,USDPLN
4.54225,4.54265,4.542545,0.00039999999999995595,20000.0000000022,USDPLN
4.54225,4.54265,4.542545,0.00039999999999995595,20000.0000000022,USDPLN
4.54225,4.54265,4.542545,0.00039999999999995595,20000.0000000022,USDPLN
4.54225,4.54265,4.542545,0.00039999999999995595,20000.0000000022,USDPLN
4.54225,4.54265,4.542545,0.00039999999999995595,20000.0000000022,USDPLN
4.54225,4.54265,4.542545,0.00039999999999995595,20000.0000000022,USDPLN
4.54225,4.54265,4.542545,0.00039999999999995595,20000.0000000022,USDPLN
4.54225,4.54265,4.542545,0.00039999999999995595,20000.0000000022,USDPLN
4.54225,4.54265,4.542545,0.00039999999999995595,20000.0000000022,USDPLN
4.54225,4.54265,4.542545,0.00039999999999995595,20000.0000000022,USDPLN
4.54225,4.54265,4.542545,0.00039999999999995595,20000.0000000022,USDPLN
4.54225,4.54265,4.542545,0.00039999999999995595,20000.0000000022,USDPLN
4.54225,4.54265,4.542545,0.00039999999999995595,20000.0000000022,USDPLN
4.54225,4.54265,4.542545,0.00039999999999995595,20000.0000000022,USDPLN
4.54225,4.54265,4.542545,0.00039999999999995595,20000.0000000022,USDPLN
4.54225,4.54265,4.542545,0.00039999999999995595,20000.0000000022,USDPLN
4.54225,4.54265,4.542545,0.00039999999999995595,20000.0000000022,USDPLN
4.54225,4.54265,4.542545,0.00039999999999995595,20000.0000000022,USDPLN
4.54225,4.54265,4.542545,0.00039999999999995595,20000.0000000022,USDPLN
4.54225,4.54265,4.542545,0.00039999999999995595,20000.0000000022,USDPLN
4.54225,4.54265,4.542545,0.00039999999999995595,20000.0000000022,USDPLN
4.54225,4.54265,4.542545,0.00039999999999995595,20000.0000000022,USDPLN
4.54225,4.54265,4.542545,0.00039999999999995595,20000.0000000022,USDPLN
4.54225,4.54265,4.542545,0.00039999999999995595,20000.0000000022,USDPLN
4.54225,4.54265,4.542545,0.00039999999999995595,20000.0000000022,USDPLN
4.54225,4.54265,4.542545,0.00039999999999995595,20000.0000000022,USDPLN
4.54225,4.54265,4.542545,0.00039999999999995595,20000.0000000022,USDPLN
4.54225,4.54265,4.542545,0.00039999999999995595,20000.0000000022,USDPLN
4.54225,4.54265,4.542545,0.00039999999999995595,20000.0000000022,USDPLN
4.54225,4.54265,4.542545,0.00039999999999995595,20000.0000000022,USDPLN
4.54225,4.54265,4.542545,0.00039999999999995595,20000.0000000022,USDPLN
4.54225,4.54265,4.542545,0.00039999999999995595,20000.0000000022,USDPLN
4.54225,4.54265,4.542545,0.00039999999999995595,20000.0000000022,USDPLN
4.54225,4.54265,4.542545,0.00039999999999995595,20000.0000000022,USDPLN
4.54225,4.54265,4.542545,0.00039999999999995595,20000.0000000022,USDPLN
4.54225,4.54265,4.542545,0.00039999999999995595,20000.0000000022,USDPLN
4.54225,4.54265,4.542545,0.00039999999999995595,20000.0000000022,USDPLN
4.54225,4.54265,4.542545,0.00039999999999995595,20000.0000000022,USDPLN
4.54225,4.54265,4.542545,0.00039999999999995595,20000.0000000022,USDPLN
4.54225,4.54265,4.542545,0.00039999999999995595,20000.0000000022,USDPLN
4.54225,4.54265,4.542545,0.00039999999999995595,20000.0000000022,USDPLN
4.54225,4.54265,4.542545,0.00039999999999995595,20000.0000000022,USDPLN
4.54225,4.54265,4.542545,0.00039999999999995595,20000.0000000022,USDPLN
4.54225,4.54265,4.542545,0.00039999999999995595,20000.0000000022,USDPLN
4.54225,4.54265,4.542545,0.00039999999999995595,20000.0000000022,USDPLN
4.54225,4.54265,4.542545,0.00039999999999995595,20000.0000000022,USDPLN
4.54225,4.54265,4.542545,0.00039999999999995595,20000.0000000022,USDPLN
4.54225,4.54265,4.542545,0.00039999999999995595,20000.0000000022,USDPLN
4.54225,4.54265,4.542545,0.00039999999999995595,20000.0000000022,USDPLN
4.54225,4.54265,4.542545,0.00039999999999995595,20000.0000000022,USDPLN
4.54225,4.54265,4.542545,0.00039999999999995595,20000.0000000022,USDPLN
4.54225,4.54265,4.542545,0.00039999999999995595,20000.0000000022,USDPLN
4.54225,4.54265,4.542545,0.00039999999999995595,20000.0000000022,USDPLN
4.54225,4.54265,4.542545,0.00039999999999995595,20000.0000000022,USDPLN
4.54225,4.54265,4.542545,0.00039999999999995595,20000.0000000022,USDPLN
4.54225,4.54265,4.542545,0.00039999999999995595,20000.0000000022,USDPLN
4.54225,4.54265,4.542545,0.00039999999999995595,20000.0000000022,USDPLN
4.54225,4.54265,4.542545,0.00039999999999995595,20000.0000000022,USDPLN
4.54225,4.54265,4.542545,0.00039999999999995595,20000.0000000022,USDPLN
4.54225,4.54265,4.542545,0.00039999999999995595,20000.0000000022,USDPLN
4.54225,4.54265,4.542545,0.00039999999999995595,20000.0000000022,USDPLN
4.54225,4.54265,4.542545,0.00039999999999995595,20000.0000000022,USDPLN
4.54225,4.54265,4.542545,0.00039999999999995595,20000.0000000022,USDPLN
4.54225,4.54265,4.542545,0.00039999999999995595,20000.0000000022,USDPLN
4.54225,4.54265,4.542545,0.00039999999999995595,20000.0000000022,USDPLN
4.54225,4.54265,4.542545,0.00039999999999995595,20000.0000000022,USDPLN
4.54225,4.54265,4.542545,0.00039999999999995595,20000.0000000022,USDPLN
4.54225,4.54265,4.542545,0.00039999999999995595,20000.0000000022,USDPLN
4.54225,4.54265,4.542545,0.00039999999999995595,20000.0000000022,USDPLN
4.54225,4.54265,4.542545,0.00039999999999995595,20000.0000000022,USDPLN
4.54225,4.54265,4.542545,0.00039999999999995595,20000.0000000022,USDPLN
4.54225,4.54265,4.542545,0.00039999999999995595,20000.0000000022,USDPLN
4.54225,4.54265,4.542545,0.00039999999999995595,20000.0000000022,USDPLN
4.54225,4.54265,4.542545,0.00039999999999995595,20000.0000000022,USDPLN
4.54225,4.54265,4.542545,0.00039999999999995595,20000.0000000022,USDPLN
4.54225,4.54265,4.542545,0.00039999999999995595,20000.0000000022,USDPLN
4.54225,4.54265,4.542545,0.00039999999999995595,20000.0000000022,USDPLN
4.54225,4.54265,4.542545,0.00039999999999995595,20000.0000000022,USDPLN
4.54225,4.54265,4.542545,0.00039999999999995595,20000.0000000022,USDPLN
4.54225,4.54265,4.542545,0.00039999999999995595,20000.0000000022,USDPLN
4.54225,4.54265,4.542545,0.00039999999999995595,20000.0000000022,USDPLN
4.54225,4.54265,4.542545,0.00039999999999995595,20000.0000000022,USDPLN
4.54225,4.54265,4.542545,0.00039999999999995595,20000.0000000022,USDPLN
4.54225,4.54265,4.542545,0.00039999999999995595,20000.0000000022,USDPLN
4.54225,4.54265,4.542545,0.00039999999999995595,20000.0000000022,USDPLN
4.54225,4.54265,4.542545,0.00039999999999995595,20000.0000000022,USDPLN
81.67250000000001,81.699,81.6933,0.026499999999984425,301.8867924530076,USDINR
81.67250000000001,81.699,81.6933,0.026499999999984425,301.8867924530076,USDINR
81.67250000000001,81.699,81.6933,0.026499999999984425,301.8867924530076,USDINR
81.67250000000001,81.699,81.6933,0.026499999999984425,301.8867924530076,USDINR
81.67250000000001,81.699,81.6933,0.026499999999984425,301.8867924530076,USDINR
81.67250000000001,81.699,81.6933,0.026499999999984425,301.8867924530076,USDINR
81.67250000000001,81.699,81.6933,0.026499999999984425,301.8867924530076,USDINR
81.67250000000001,81.699,81.6933,0.026499999999984425,301.8867924530076,USDINR
81.67250000000001,81.699,81.6933,0.026499999999984425,301.8867924530076,USDINR
81.67250000000001,81.699,81.6933,0.026499999999984425,301.8867924530076,USDINR
81.67250000000001,81.699,81.6933,0.026499999999984425,301.8867924530076,USDINR
81.67250000000001,81.699,81.6933,0.026499999999984425,301.8867924530076,USDINR
81.67250000000001,81.699,81.6933,0.026499999999984425,301.8867924530076,USDINR
81.67250000000001,81.699,81.6933,0.026499999999984425,301.8867924530076,USDINR
81.67250000000001,81.699,81.6933,0.026499999999984425,301.8867924530076,USDINR
81.67250000000001,81.699,81.6933,0.026499999999984425,301.8867924530076,USDINR
81.67250000000001,81.699,81.6933,0.026499999999984425,301.8867924530076,USDINR
81.67250000000001,81.699,81.6933,0.026499999999984425,301.8867924530076,USDINR
81.67250000000001,81.699,81.6933,0.026499999999984425,301.8867924530076,USDINR
81.67250000000001,81.699,81.6933,0.026499999999984425,301.8867924530076,USDINR
81.67250000000001,81.699,81.6933,0.026499999999984425,301.8867924530076,USDINR
81.67250000000001,81.699,81.6933,0.026499999999984425,301.8867924530076,USDINR
81.67250000000001,81.699,81.6933,0.026499999999984425,301.8867924530076,USDINR
81.67250000000001,81.699,81.6933,0.026499999999984425,301.8867924530076,USDINR
81.67250000000001,81.699,81.6933,0.026499999999984425,301.8867924530076,USDINR
81.67250000000001,81.699,81.6933,0.026499999999984425,301.8867924530076,USDINR
81.67250000000001,81.699,81.6933,0.026499999999984425,301.8867924530076,USDINR
81.67250000000001,81.699,81.6933,0.026499999999984425,301.8867924530076,USDINR
81.67250000000001,81.699,81.6933,0.026499999999984425,301.8867924530076,USDINR
81.67250000000001,81.699,81.6933,0.026499999999984425,301.8867924530076,USDINR
81.67250000000001,81.699,81.6933,0.026499999999984425,301.8867924530076,USDINR
81.67250000000001,81.699,81.6933,0.026499999999984425,301.8867924530076,USDINR
81.67250000000001,81.699,81.6933,0.026499999999984425,301.8867924530076,USDINR
81.67250000000001,81.699,81.6933,0.026499999999984425,301.8867924530076,USDINR
81.67250000000001,81.699,81.6933,0.026499999999984425,301.8867924530076,USDINR
81.67250000000001,81.699,81.6933,0.026499999999984425,301.8867924530076,USDINR
81.67250000000001,81.699,81.6933,0.026499999999984425,301.8867924530076,USDINR
81.67250000000001,81.699,81.6933,0.026499999999984425,301.8867924530076,USDINR
81.67250000000001,81.699,81.6933,0.026499999999984425,301.8867924530076,USDINR
81.67250000000001,81.699,81.6933,0.026499999999984425,301.8867924530076,USDINR
81.67250000000001,81.699,81.6933,0.026499999999984425,301.8867924530076,USDINR
81.67250000000001,81.699,81.6933,0.026499999999984425,301.8867924530076,USDINR
81.67250000000001,81.699,81.6933,0.026499999999984425,301.8867924530076,USDINR
81.67250000000001,81.699,81.6933,0.026499999999984425,301.8867924530076,USDINR
81.67250000000001,81.699,81.6933,0.026499999999984425,301.8867924530076,USDINR
81.67250000000001,81.699,81.6933,0.026499999999984425,301.8867924530076,USDINR
81.67250000000001,81.699,81.6933,0.026499999999984425,301.8867924530076,USDINR
81.67250000000001,81.699,81.6933,0.026499999999984425,301.8867924530076,USDINR
81.67250000000001,81.699,81.6933,0.026499999999984425,301.8867924530076,USDINR
81.67250000000001,81.699,81.6933,0.026499999999984425,301.8867924530076,USDINR
81.67250000000001,81.699,81.6933,0.026499999999984425,301.8867924530076,USDINR
81.67250000000001,81.699,81.6933,0.026499999999984425,301.8867924530076,USDINR
81.67250000000001,81.699,81.6933,0.026499999999984425,301.8867924530076,USDINR
81.67250000000001,81.699,81.6933,0.026499999999984425,301.8867924530076,USDINR
81.67250000000001,81.699,81.6933,0.026499999999984425,301.8867924530076,USDINR
81.67250000000001,81.699,81.6933,0.026499999999984425,301.8867924530076,USDINR
81.67250000000001,81.699,81.6933,0.026499999999984425,301.8867924530076,USDINR
81.67250000000001,81.699,81.6933,0.026499999999984425,301.8867924530076,USDINR
81.67250000000001,81.699,81.6933,0.026499999999984425,301.8867924530076,USDINR
81.67250000000001,81.699,81.6933,0.026499999999984425,301.8867924530076,USDINR
81.67250000000001,81.699,81.6933,0.026499999999984425,301.8867924530076,USDINR
81.67250000000001,81.699,81.6933,0.026499999999984425,301.8867924530076,USDINR
81.67250000000001,81.699,81.6933,0.026499999999984425,301.8867924530076,USDINR
81.67250000000001,81.699,81.6933,0.026499999999984425,301.8867924530076,USDINR
81.67250000000001,81.699,81.6933,0.026499999999984425,301.8867924530076,USDINR
81.67250000000001,81.699,81.6933,0.026499999999984425,301.8867924530076,USDINR
81.67250000000001,81.699,81.6933,0.026499999999984425,301.8867924530076,USDINR
81.67250000000001,81.699,81.6933,0.026499999999984425,301.8867924530076,USDINR
81.67250000000001,81.699,81.6933,0.026499999999984425,301.8867924530076,USDINR
81.67250000000001,81.699,81.6933,0.026499999999984425,301.8867924530076,USDINR
81.67250000000001,81.699,81.6933,0.026499999999984425,301.8867924530076,USDINR
81.67250000000001,81.699,81.6933,0.026499999999984425,301.8867924530076,USDINR
81.67250000000001,81.699,81.6933,0.026499999999984425,301.8867924530076,USDINR
81.67250000000001,81.699,81.6933,0.026499999999984425,301.8867924530076,USDINR
81.67250000000001,81.699,81.6933,0.026499999999984425,301.8867924530076,USDINR
81.67250000000001,81.699,81.6933,0.026499999999984425,301.8867924530076,USDINR
81.67250000000001,81.699,81.6933,0.026499999999984425,301.8867924530076,USDINR
81.67250000000001,81.699,81.6933,0.026499999999984425,301.8867924530076,USDINR
81.67250000000001,81.699,81.6933,0.026499999999984425,301.8867924530076,USDINR
81.67250000000001,81.699,81.6933,0.026499999999984425,301.8867924530076,USDINR
81.67250000000001,81.699,81.6933,0.026499999999984425,301.8867924530076,USDINR
81.67250000000001,81.699,81.6933,0.026499999999984425,301.8867924530076,USDINR
81.67250000000001,81.699,81.6933,0.026499999999984425,301.8867924530076,USDINR
81.67250000000001,81.699,81.6933,0.026499999999984425,301.8867924530076,USDINR
81.67250000000001,81.699,81.6933,0.026499999999984425,301.8867924530076,USDINR
81.67250000000001,81.699,81.6933,0.026499999999984425,301.8867924530076,USDINR
81.67250000000001,81.699,81.6933,0.026499999999984425,301.8867924530076,USDINR
81.67250000000001,81.699,81.6933,0.026499999999984425,301.8867924530076,USDINR
81.67250000000001,81.699,81.6933,0.026499999999984425,301.8867924530076,USDINR
81.67250000000001,81.699,81.6933,0.026499999999984425,301.8867924530076,USDINR
81.67250000000001,81.699,81.6933,0.026499999999984425,301.8867924530076,USDINR
81.67250000000001,81.699,81.6933,0.026499999999984425,301.8867924530076,USDINR
81.67250000000001,81.699,81.6933,0.026499999999984425,301.8867924530076,USDINR
81.67250000000001,81.699,81.6933,0.026499999999984425,301.8867924530076,USDINR
81.67250000000001,81.699,81.6933,0.026499999999984425,301.8867924530076,USDINR
81.67250000000001,81.699,81.6933,0.026499999999984425,301.8867924530076,USDINR
81.67250000000001,81.699,81.6933,0.026499999999984425,301.8867924530076,USDINR
81.67250000000001,81.699,81.6933,0.026499999999984425,301.8867924530076,USDINR
81.67250000000001,81.699,81.6933,0.026499999999984425,301.8867924530076,USDINR
81.67250000000001,81.699,81.6933,0.026499999999984425,301.8867924530076,USDINR
